NamaProduk,NamaWilayah,Tanggal,Jumlah,TotalPenjualan
Stove,North Region,2023-06-22,11,407869
Chair,North-East Region,2023-05-30,4,207516
Heater,Kuala Lumpur,2023-04-27,4,107936
Fan,Kuala Lumpur,2023-06-17,9,353133
Chair,East Region,2024-01-07,13,547222
Hair Dryer,Kuala Lumpur,2023-02-22,10,852210
Refrigerator,North-East Region,2023-01-02,16,340592
Lamp,Jakarta,2023-10-26,19,1695921
Chair,Central Region,2024-01-07,3,176253
Fan,Kuching,2024-10-22,8,738656
Rice Cooker,North Region,2024-07-04,14,1236732
Blender,East Region,2024-09-27,11,822514
Air Purifier,West Region,2024-01-21,7,240604
Lamp,North Region,2024-05-19,20,1438700
Toaster,Bandung,2024-04-21,2,151968
Sofa,Bandung,2024-02-13,11,856251
Curtains,Kuantan,2023-08-06,6,503826
Air Purifier,North-East Region,2024-02-23,6,586056
Carpet,North-East Region,2024-09-02,18,112752
Fan,Yogyakarta,2024-07-10,19,994080
Table,North-East Region,2024-06-29,4,267508
Coffee Maker,Kuala Lumpur,2023-05-14,10,901130
Refrigerator,George Town,2023-01-06,15,710715
Iron,East Region,2024-06-29,3,229728
Heater,Johor Bahru,2023-04-01,18,1129050
Lamp,West Region,2024-10-05,12,494124
Refrigerator,West Region,2023-11-20,20,947620
Iron,Medan,2024-03-09,3,178626
Sofa,Balikpapan,2023-06-13,20,1487300
Stove,West Region,2024-08-31,11,973654
Rice Cooker,George Town,2023-06-12,3,224613
Microwave Oven,Kuala Lumpur,2024-07-10,3,97872
Toaster,North Region,2023-01-01,5,442620
Carpet,Makassar,2024-10-12,1,76616
Table,Central Region,2023-06-09,19,800888
Chair,West Region,2024-07-03,1,40892
Microwave Oven,Medan,2023-02-18,18,494910
Fan,Kuantan,2023-01-31,5,288560
Chair,Kuantan,2023-08-17,16,1541056
Electric Kettle,Semarang,2024-01-06,17,1449641
Heater,Semarang,2023-01-09,15,1319565
Chair,Jakarta,2024-05-10,13,515463
Electric Kettle,North-East Region,2023-07-24,14,275660
Lamp,Bandung,2023-10-21,7,91182
Washing Machine,Semarang,2024-09-25,20,247800
Rice Cooker,Surabaya,2023-05-31,16,632928
Stove,Kuala Lumpur,2023-03-24,13,1087606
Heater,North Region,2023-03-29,1,14074
Refrigerator,Ipoh,2024-08-23,7,499436
Washing Machine,Medan,2024-04-11,3,58260
Carpet,George Town,2023-05-22,1,89405
Chair,Alor Setar,2023-01-01,15,1428555
Dishwasher,George Town,2023-02-19,19,731196
Refrigerator,Central Region,2023-05-30,10,687810
Carpet,Melaka,2024-02-02,12,1040676
Refrigerator,Kuantan,2024-09-09,15,1169820
Curtains,Kuching,2023-02-08,5,474015
Grill,West Region,2023-09-18,7,179354
Stove,Alor Setar,2024-10-05,20,386120
Coffee Maker,Medan,2024-07-07,8,520072
Fan,Medan,2023-09-02,7,386995
Table,West Region,2023-07-10,20,307880
Refrigerator,Kota Kinabalu,2024-08-04,9,47232
Air Purifier,West Region,2024-03-24,17,613666
Coffee Maker,North-East Region,2023-05-13,11,490842
Washing Machine,Medan,2023-01-31,8,189328
Grill,West Region,2024-10-06,13,1283412
Heater,Central Region,2023-11-19,8,590960
Electric Kettle,Jakarta,2023-12-16,9,471987
Coffee Maker,Balikpapan,2023-05-15,19,1286357
Blender,Jakarta,2024-04-04,3,127689
Refrigerator,Balikpapan,2023-11-06,14,1055614
Rice Cooker,East Region,2024-09-19,12,308760
Table,George Town,2023-05-02,18,258750
Microwave Oven,Kuala Lumpur,2023-01-15,17,807636
Microwave Oven,Shah Alam,2024-04-14,7,629230
Air Purifier,Denpasar,2023-12-27,11,273515
Hair Dryer,Balikpapan,2024-10-16,12,158544
Air Purifier,Semarang,2024-06-08,18,1731564
Mixer,Bandung,2023-05-09,7,434511
Rice Cooker,East Region,2023-03-24,12,405936
Refrigerator,Balikpapan,2023-12-16,9,593622
Microwave Oven,Kuantan,2023-04-17,4,190032
Sofa,Medan,2024-03-04,2,32982
Vacuum Cleaner,George Town,2024-02-29,8,443384
Hair Dryer,Kuala Lumpur,2023-08-20,16,211392
Vacuum Cleaner,Kuantan,2023-12-09,18,1561194
Dishwasher,Central Region,2023-10-09,5,211820
Grill,Semarang,2023-01-16,20,1389600
Grill,Kuching,2024-02-17,6,508536
Washing Machine,Semarang,2024-02-26,20,312180
Stove,Denpasar,2023-07-21,1,37188
Stove,Bandung,2024-10-08,10,404410
Iron,Kuala Lumpur,2024-02-03,11,1023880
Refrigerator,Denpasar,2024-04-01,12,1120488
Blender,Central Region,2024-01-26,16,103968
Microwave Oven,Kota Kinabalu,2023-06-25,2,115038
Coffee Maker,Kota Kinabalu,2023-07-04,1,83300
Microwave Oven,Semarang,2024-04-12,5,368870
Blender,Semarang,2023-05-29,20,867780
Chair,George Town,2024-04-25,8,619976
Blender,West Region,2024-01-15,14,207886
Washing Machine,Denpasar,2023-09-20,4,77680
Toaster,Yogyakarta,2024-04-06,4,95416
Washing Machine,Denpasar,2024-09-05,5,397570
Curtains,Denpasar,2024-06-02,4,82724
Dishwasher,Denpasar,2024-09-06,20,899840
Sofa,Central Region,2023-08-30,6,524856
Fan,Ipoh,2024-05-27,19,287584
Washing Machine,Kuching,2023-05-15,1,42237
Mixer,Kuala Lumpur,2024-02-25,13,374452
Dishwasher,North-East Region,2024-08-20,15,558105
Curtains,Jakarta,2023-10-22,17,149736
Water Dispenser,Balikpapan,2023-12-21,20,361340
Rice Cooker,Jakarta,2023-12-24,20,340400
Blender,North-East Region,2023-02-24,20,138880
Microwave Oven,Kuching,2024-02-07,4,22152
Dishwasher,Alor Setar,2024-01-18,20,257620
Refrigerator,West Region,2023-04-03,8,391808
Stove,Surabaya,2024-06-13,8,191296
Water Dispenser,East Region,2023-11-06,17,97053
Lamp,Medan,2023-09-02,4,187000
Hair Dryer,Kota Kinabalu,2024-10-08,6,141972
Grill,Balikpapan,2024-04-19,15,1271340
Heater,George Town,2023-05-10,6,527826
Coffee Maker,Jakarta,2023-03-26,5,442420
Air Purifier,Alor Setar,2024-01-31,20,1905540
Curtains,West Region,2024-03-19,8,465568
Sofa,Ipoh,2024-07-11,16,655600
Carpet,Denpasar,2024-05-07,12,412452
Curtains,Denpasar,2024-10-17,4,166000
Washing Machine,North Region,2023-05-16,7,66500
Lamp,Jakarta,2024-10-21,4,253468
Chair,Kuching,2024-06-13,1,51879
Electric Kettle,George Town,2024-05-08,16,1119200
Rice Cooker,Medan,2024-06-13,5,93090
Toaster,George Town,2024-07-13,12,1121568
Sofa,Alor Setar,2023-04-29,16,479328
Carpet,Semarang,2024-01-19,3,140028
Chair,Kuantan,2023-08-10,6,237906
Grill,George Town,2023-01-19,7,683312
Washing Machine,Denpasar,2024-01-11,4,264100
Hair Dryer,Bandung,2023-07-12,4,285628
Curtains,West Region,2023-02-19,19,1066983
Sofa,North Region,2024-05-14,8,485296
Hair Dryer,Denpasar,2023-01-19,10,582150
Stove,North-East Region,2023-08-11,5,410810
Heater,North Region,2024-04-28,14,445158
Air Purifier,West Region,2024-08-07,12,883560
Washing Machine,George Town,2023-01-07,8,662384
Blender,North-East Region,2023-12-08,8,234712
Lamp,Balikpapan,2024-01-29,6,217374
Coffee Maker,Kuala Lumpur,2024-10-12,14,1000482
Sofa,North Region,2024-08-09,19,413345
Iron,North-East Region,2024-01-01,14,837186
Table,Makassar,2023-01-14,16,403200
Refrigerator,Johor Bahru,2024-01-22,6,336684
Stove,Yogyakarta,2023-03-06,2,58536
Dishwasher,Ipoh,2023-01-29,19,706933
Vacuum Cleaner,West Region,2024-10-10,18,442998
Curtains,Alor Setar,2023-07-30,2,35246
Stove,Surabaya,2024-07-26,11,676797
Chair,East Region,2023-05-29,5,45175
Rice Cooker,Surabaya,2024-01-03,1,17020
Coffee Maker,North-East Region,2023-10-21,5,461490
Vacuum Cleaner,Melaka,2023-02-03,2,179950
Air Purifier,West Region,2024-09-28,4,208900
Stove,North Region,2023-04-15,15,997080
Water Dispenser,Johor Bahru,2023-03-02,11,390621
Coffee Maker,North-East Region,2023-05-27,4,261280
Grill,Balikpapan,2024-10-03,15,1339785
Water Dispenser,Alor Setar,2023-09-10,19,1472785
Heater,Medan,2024-01-01,3,263913
Toaster,George Town,2024-01-01,16,409616
Blender,Central Region,2024-03-21,5,90165
Coffee Maker,Ipoh,2023-06-19,11,311630
Chair,Yogyakarta,2023-05-09,7,515809
Table,North Region,2023-08-03,15,378000
Lamp,Kuantan,2023-05-06,1,68382
Fan,Kuantan,2024-07-20,18,1689084
Coffee Maker,West Region,2023-09-15,7,596407
Toaster,Makassar,2024-03-13,16,938832
Stove,Bandung,2023-01-08,8,492216
Heater,Ipoh,2023-09-27,7,517090
Blender,East Region,2023-11-10,2,12996
Hair Dryer,George Town,2023-09-26,20,1181920
Heater,Kota Kinabalu,2023-02-14,3,48606
Carpet,Denpasar,2023-09-22,8,636944
Blender,Kuantan,2023-01-03,15,968475
Air Purifier,Denpasar,2024-06-28,9,857493
Water Dispenser,Ipoh,2023-03-30,7,248563
Hair Dryer,Ipoh,2023-06-06,7,135079
Chair,Balikpapan,2024-05-25,13,1173263
Washing Machine,Johor Bahru,2024-06-25,1,66025
Chair,Central Region,2023-08-21,20,876440
Vacuum Cleaner,Ipoh,2024-03-15,17,802944
Vacuum Cleaner,Kuantan,2023-05-05,15,456975
Sofa,Semarang,2024-03-17,10,274890
Rice Cooker,Kuala Lumpur,2023-08-01,2,48608
Mixer,Jakarta,2023-01-22,1,74369
Blender,North Region,2023-05-25,9,162297
Table,Medan,2023-10-30,14,73934
Washing Machine,Makassar,2023-06-14,16,1394656
Iron,George Town,2023-07-04,12,948468
Lamp,Central Region,2024-10-07,1,55630
Iron,Medan,2024-01-16,3,152277
Washing Machine,Kuching,2024-08-01,11,910778
Hair Dryer,Balikpapan,2023-12-09,7,668080
Electric Kettle,North Region,2023-11-01,17,1449641
Electric Kettle,East Region,2024-05-25,9,725652
Mixer,East Region,2023-06-09,1,43157
Vacuum Cleaner,Kota Kinabalu,2023-01-30,2,163342
Mixer,North-East Region,2023-10-30,14,101500
Fan,Ipoh,2023-12-03,4,353444
Coffee Maker,Medan,2023-02-05,3,121527
Sofa,North-East Region,2023-07-15,17,1087405
Rice Cooker,Makassar,2024-06-28,3,170976
Grill,North-East Region,2024-07-18,11,295493
Air Purifier,East Region,2023-09-16,1,51714
Blender,Alor Setar,2024-09-05,1,38932
Curtains,Semarang,2024-08-11,3,62043
Curtains,North-East Region,2023-11-06,13,854139
Heater,Ipoh,2023-10-06,14,1034180
Coffee Maker,Kuantan,2023-04-03,13,527293
Coffee Maker,Kuala Lumpur,2023-12-24,17,350506
Toaster,Kota Kinabalu,2023-09-19,20,1357360
Mixer,Medan,2023-09-19,18,1091898
Microwave Oven,Johor Bahru,2024-06-16,4,171636
Coffee Maker,Semarang,2023-08-01,20,1690360
Carpet,Ipoh,2024-06-04,9,56376
Curtains,Kuala Lumpur,2024-03-25,17,1180769
Table,Kuantan,2023-08-12,7,362852
Curtains,Ipoh,2023-05-16,5,60935
Lamp,Central Region,2023-11-27,3,131829
Grill,Ipoh,2023-01-06,18,1430154
Rice Cooker,East Region,2024-02-03,6,36594
Table,Medan,2023-07-17,16,403200
Coffee Maker,George Town,2024-07-09,8,95248
Heater,North Region,2023-08-27,14,1204728
Rice Cooker,Denpasar,2024-04-17,9,768177
Washing Machine,Kota Kinabalu,2024-02-19,3,238542
Iron,Central Region,2024-07-05,5,251455
Grill,Ipoh,2023-01-05,9,583497
Rice Cooker,Balikpapan,2024-04-15,5,142455
Washing Machine,East Region,2023-01-22,11,984137
Stove,East Region,2024-04-04,7,168826
Water Dispenser,Denpasar,2024-10-12,20,710220
Vacuum Cleaner,Alor Setar,2024-01-19,1,86733
Microwave Oven,North-East Region,2024-03-29,3,103932
Sofa,Shah Alam,2023-12-19,12,1035384
Stove,Medan,2024-07-20,19,1180090
Sofa,Balikpapan,2024-01-04,10,646990
Grill,North Region,2023-07-24,5,128315
Hair Dryer,Denpasar,2023-05-13,7,620319
Toaster,Medan,2023-05-02,1,47680
Chair,Ipoh,2024-04-09,2,178004
Stove,Jakarta,2023-06-15,12,162288
Microwave Oven,Central Region,2024-06-02,4,295096
Washing Machine,Balikpapan,2024-03-18,20,1486460
Hair Dryer,Jakarta,2024-10-17,6,218016
Water Dispenser,Makassar,2024-06-30,11,624701
Dishwasher,Johor Bahru,2023-07-22,9,324801
Table,Jakarta,2024-01-02,11,885885
Table,Denpasar,2023-03-01,2,84304
Electric Kettle,Alor Setar,2024-04-27,5,231280
Washing Machine,Denpasar,2023-04-04,6,340746
Sofa,North-East Region,2023-05-15,13,1097174
Dishwasher,Denpasar,2023-03-11,19,879833
Rice Cooker,Makassar,2024-05-28,5,103085
Lamp,Semarang,2024-04-29,16,905632
Sofa,West Region,2024-10-17,11,928378
Lamp,Medan,2023-07-26,19,861916
Water Dispenser,East Region,2023-12-22,16,414544
Sofa,Yogyakarta,2024-04-12,4,238380
Rice Cooker,Kuala Lumpur,2024-04-10,1,66060
Electric Kettle,Surabaya,2024-02-17,15,439380
Air Purifier,Surabaya,2023-02-07,3,288594
Electric Kettle,Melaka,2024-06-02,5,126255
Vacuum Cleaner,Makassar,2023-09-28,7,375956
Mixer,George Town,2023-12-21,4,258516
Electric Kettle,Medan,2023-06-03,1,99084
Toaster,Medan,2023-03-30,18,460818
Curtains,Melaka,2024-02-27,10,121870
Coffee Maker,Jakarta,2023-07-27,7,96089
Refrigerator,Alor Setar,2024-05-13,1,37127
Chair,Kota Kinabalu,2024-04-25,14,1348424
Grill,Central Region,2023-11-20,9,88434
Vacuum Cleaner,Kota Kinabalu,2024-04-05,6,490446
Hair Dryer,North Region,2024-05-12,3,71769
Coffee Maker,North Region,2024-08-11,15,466245
Iron,Kuala Lumpur,2024-01-30,5,97455
Rice Cooker,North-East Region,2024-09-29,3,256059
Coffee Maker,Johor Bahru,2024-09-28,3,141891
Hair Dryer,Medan,2023-01-21,8,632224
Blender,West Region,2024-04-30,2,194890
Sofa,Semarang,2023-02-21,7,641767
Coffee Maker,Semarang,2023-03-26,16,574464
Lamp,Kuantan,2023-04-11,2,27358
Air Purifier,Bandung,2024-05-16,20,1516040
Vacuum Cleaner,Jakarta,2023-10-27,1,44400
Air Purifier,Kuching,2024-05-01,14,1367464
Carpet,Alor Setar,2024-02-09,20,1114620
Iron,North-East Region,2023-09-30,12,694764
Vacuum Cleaner,East Region,2024-09-08,2,106574
Water Dispenser,Semarang,2023-01-14,11,230659
Hair Dryer,North-East Region,2023-04-04,3,39636
Chair,Kuantan,2024-06-14,20,1175020
Electric Kettle,West Region,2023-01-11,5,349750
Chair,North-East Region,2023-08-24,19,1655223
Blender,Medan,2023-05-18,3,61668
Vacuum Cleaner,Denpasar,2023-10-07,4,359216
Table,George Town,2024-04-11,6,138210
Sofa,Kuala Lumpur,2024-04-06,9,368775
Air Purifier,Denpasar,2023-11-24,9,691218
Washing Machine,Kuching,2023-06-29,15,1114845
Stove,Kuala Lumpur,2023-01-11,20,448080
Sofa,Central Region,2023-11-26,7,115437
Carpet,Denpasar,2023-01-30,4,367352
Coffee Maker,East Region,2023-04-20,4,174412
Chair,Semarang,2023-10-30,7,306754
Toaster,North Region,2024-04-04,13,1042600
Lamp,Palembang,2023-01-23,1,63367
Chair,Central Region,2024-08-20,10,587510
Chair,North Region,2024-07-09,4,207684
Electric Kettle,Denpasar,2024-03-14,19,1736581
Lamp,West Region,2024-03-22,4,253500
Rice Cooker,North-East Region,2023-04-11,19,405080
Water Dispenser,West Region,2023-04-12,5,90335
Toaster,Kuala Lumpur,2024-05-23,8,681456
Electric Kettle,North Region,2024-01-08,6,483768
Iron,Denpasar,2024-06-10,18,453456
Vacuum Cleaner,Central Region,2024-01-22,20,290140
Iron,Medan,2023-04-16,10,301550
Iron,Shah Alam,2024-07-28,17,1626237
Grill,Kuala Lumpur,2023-03-01,15,1271745
Washing Machine,Denpasar,2024-07-12,3,33549
Toaster,Johor Bahru,2023-02-06,1,67868
Washing Machine,East Region,2023-03-04,20,388400
Microwave Oven,West Region,2023-04-25,9,186408
Washing Machine,West Region,2024-02-25,8,555440
Carpet,Bandung,2023-03-31,10,766160
Carpet,Shah Alam,2024-06-01,8,612928
Hair Dryer,Jakarta,2023-05-30,2,56742
Chair,Bandung,2023-07-21,18,1505340
Vacuum Cleaner,Central Region,2023-11-27,3,106608
Carpet,Kota Kinabalu,2023-08-19,18,1780938
Fan,North-East Region,2023-03-29,9,353133
Grill,Medan,2023-10-14,20,844660
Toaster,Denpasar,2024-06-23,16,1470624
Toaster,Ipoh,2024-02-17,8,157528
Dishwasher,Yogyakarta,2024-09-28,13,1097174
Iron,Denpasar,2023-10-28,17,1042848
Lamp,East Region,2024-03-24,5,129690
Dishwasher,Bandung,2023-07-28,11,262053
Water Dispenser,West Region,2023-01-31,12,930180
Washing Machine,Kota Kinabalu,2023-07-12,8,365752
Stove,Jakarta,2024-10-19,19,839781
Mixer,Ipoh,2023-03-10,13,192140
Fan,Shah Alam,2023-08-21,9,101970
Curtains,Kuching,2023-01-21,9,733059
Air Purifier,Alor Setar,2023-05-15,13,538551
Rice Cooker,Medan,2023-09-15,11,120824
Grill,George Town,2024-04-06,19,213826
Sofa,North-East Region,2024-06-17,16,1057344
Iron,North-East Region,2023-02-24,5,119460
Water Dispenser,West Region,2024-04-24,9,899190
Iron,Surabaya,2024-03-06,5,297710
Chair,Jakarta,2024-10-10,6,326820
Blender,North-East Region,2023-09-02,13,570661
Electric Kettle,George Town,2024-04-16,15,288900
Refrigerator,Kuching,2023-05-07,11,921547
Grill,Surabaya,2023-02-08,10,712170
Washing Machine,East Region,2023-04-13,9,446796
Table,Kota Kinabalu,2023-10-23,5,298245
Heater,Makassar,2023-06-01,18,598212
Toaster,Semarang,2023-02-12,11,262394
Chair,Medan,2023-10-18,13,1087190
Water Dispenser,Balikpapan,2023-01-14,3,283200
Hair Dryer,Central Region,2024-01-29,12,158544
Toaster,Bandung,2023-12-21,15,1327860
Washing Machine,East Region,2024-10-18,11,624701
Heater,West Region,2023-10-31,20,635940
Air Purifier,Central Region,2024-06-07,20,354040
Water Dispenser,Balikpapan,2024-03-06,6,373794
Dishwasher,West Region,2024-03-28,3,54996
Lamp,Medan,2024-02-19,12,349272
Sofa,North Region,2024-01-06,16,1440992
Washing Machine,Medan,2023-09-05,16,550672
Vacuum Cleaner,Balikpapan,2024-01-01,9,495783
Rice Cooker,Denpasar,2023-01-08,7,130326
Vacuum Cleaner,North-East Region,2023-02-07,11,105017
Table,Makassar,2024-02-05,10,230350
Carpet,Jakarta,2024-10-05,5,81250
Hair Dryer,Medan,2023-01-03,7,165634
Microwave Oven,George Town,2023-07-22,4,272988
Grill,Yogyakarta,2023-08-18,16,684768
Heater,Johor Bahru,2024-09-15,8,716144
Washing Machine,Jakarta,2023-05-19,16,1189168
Lamp,East Region,2023-05-17,7,396214
Curtains,West Region,2024-09-04,2,10954
Water Dispenser,North Region,2024-04-16,12,426132
Rice Cooker,North-East Region,2023-12-22,2,194836
Sofa,Jakarta,2023-12-21,17,924222
Dishwasher,George Town,2023-10-13,14,1226470
Lamp,Kuching,2023-08-25,16,966176
Vacuum Cleaner,North Region,2024-04-13,16,886768
Toaster,Jakarta,2024-09-10,16,667664
Hair Dryer,West Region,2024-07-08,14,753312
Air Purifier,Denpasar,2023-05-09,3,288594
Heater,Denpasar,2023-08-25,2,190036
Coffee Maker,East Region,2023-06-08,11,975150
Washing Machine,Kuala Lumpur,2023-10-08,4,206500
Water Dispenser,George Town,2024-03-17,9,697635
Coffee Maker,North Region,2024-03-14,19,324444
Hair Dryer,North Region,2023-08-14,12,872808
Vacuum Cleaner,North Region,2023-04-17,18,1230930
Heater,Johor Bahru,2024-02-14,5,158870
Chair,Ipoh,2024-08-05,2,174234
Curtains,North-East Region,2023-01-30,8,165448
Table,Jakarta,2023-03-12,1,24875
Vacuum Cleaner,East Region,2024-02-24,10,111750
Refrigerator,Denpasar,2023-02-05,18,1010052
Coffee Maker,Johor Bahru,2024-03-25,20,810180
Electric Kettle,Denpasar,2023-12-26,6,63270
Electric Kettle,North-East Region,2024-08-31,17,1189150
Rice Cooker,East Region,2023-02-19,18,512838
Rice Cooker,Alor Setar,2024-10-04,14,1032080
Washing Machine,Denpasar,2023-04-17,10,865830
Sofa,North Region,2023-11-30,10,574320
Table,George Town,2024-10-14,16,780240
Iron,Balikpapan,2024-10-16,9,200250
Curtains,North-East Region,2024-06-26,1,17623
Rice Cooker,Central Region,2023-03-04,11,726660
Toaster,Jakarta,2023-05-11,14,1239336
Dishwasher,Kota Kinabalu,2023-03-09,9,416763
Iron,East Region,2023-10-01,16,1225216
Table,Denpasar,2023-08-09,1,90019
Curtains,Balikpapan,2024-07-22,9,361116
Carpet,Kuching,2024-07-18,1,88981
Sofa,Central Region,2023-08-05,16,479328
Carpet,North Region,2024-10-07,6,553230
Chair,Semarang,2024-03-12,4,138492
Coffee Maker,North-East Region,2023-04-11,4,213592
Hair Dryer,George Town,2024-02-02,6,74760
Air Purifier,Alor Setar,2023-08-07,1,41427
Coffee Maker,Kota Kinabalu,2024-07-21,8,356976
Electric Kettle,Melaka,2023-01-04,17,241944
Electric Kettle,West Region,2024-09-09,13,1275846
Curtains,Jakarta,2023-09-12,20,140860
Chair,Denpasar,2024-04-18,18,372384
Hair Dryer,Makassar,2023-03-16,2,56742
Coffee Maker,North-East Region,2024-08-09,14,1166200
Refrigerator,Medan,2023-09-30,14,1091832
Heater,Balikpapan,2023-01-04,17,1615306
Table,Semarang,2024-02-18,18,462312
Vacuum Cleaner,Kuala Lumpur,2023-05-18,1,63685
Table,Ipoh,2024-04-02,7,179788
Chair,North Region,2024-05-15,20,1780040
Grill,Jakarta,2023-04-24,17,1210689
Grill,East Region,2024-01-07,6,185328
Air Purifier,Ipoh,2024-09-20,15,1289070
Grill,Alor Setar,2024-08-28,6,409824
Water Dispenser,Kuching,2023-09-27,1,15490
Curtains,North Region,2023-08-30,16,641984
Heater,Central Region,2023-09-12,5,286220
Curtains,Kuala Lumpur,2023-12-17,4,382840
Sofa,East Region,2024-01-05,13,774735
Electric Kettle,Medan,2024-09-18,8,559600
Stove,Jakarta,2023-05-23,16,427728
Sofa,East Region,2023-12-21,7,452893
Fan,George Town,2023-02-25,9,723870
Lamp,Bandung,2024-02-17,11,697037
Rice Cooker,Alor Setar,2024-10-23,13,79287
Coffee Maker,West Region,2024-06-26,15,943335
Heater,Kuala Lumpur,2024-09-19,15,365805
Stove,Central Region,2023-12-24,9,592992
Water Dispenser,Medan,2024-02-07,4,399640
Refrigerator,Semarang,2024-07-20,8,674648
Mixer,George Town,2023-08-06,7,424627
Mixer,George Town,2024-10-21,14,904806
Toaster,West Region,2023-03-06,2,164380
Refrigerator,Melaka,2023-06-14,10,911520
Refrigerator,Kuching,2023-12-15,14,923412
Iron,North-East Region,2023-05-31,13,562640
Carpet,Medan,2024-01-20,20,848180
Curtains,North Region,2023-03-25,7,459921
Blender,North Region,2023-05-28,1,24672
Stove,North-East Region,2024-01-08,19,1169013
Vacuum Cleaner,Balikpapan,2024-07-21,6,358548
Blender,West Region,2024-10-01,14,410746
Grill,Denpasar,2023-06-30,17,1253495
Carpet,Shah Alam,2023-03-02,13,765440
Coffee Maker,Kota Kinabalu,2024-08-05,12,61008
Electric Kettle,Kuantan,2024-10-04,1,98142
Rice Cooker,Denpasar,2023-07-10,15,1280295
Hair Dryer,Ipoh,2023-05-22,12,598716
Hair Dryer,Kuantan,2023-04-14,1,23662
Iron,Shah Alam,2024-05-18,20,1069420
Table,North-East Region,2024-06-23,16,843680
Mixer,Medan,2023-06-23,2,148738
Chair,West Region,2023-11-12,3,221061
Lamp,Kuantan,2024-08-29,1,47966
Vacuum Cleaner,Denpasar,2023-11-24,16,1550432
Lamp,Central Region,2024-08-05,4,142420
Refrigerator,Medan,2024-07-01,4,198692
Lamp,North Region,2023-10-23,9,212688
Iron,West Region,2023-07-30,7,568064
Hair Dryer,North Region,2024-04-18,19,1777070
Blender,Kuala Lumpur,2023-02-01,15,440085
Fan,East Region,2024-08-20,13,579995
Fan,Semarang,2023-04-29,19,1050415
Stove,Shah Alam,2023-08-02,1,74216
Fan,Ipoh,2023-11-17,9,844542
Chair,Medan,2024-10-13,9,378846
Washing Machine,North-East Region,2023-12-01,16,530544
Curtains,Jakarta,2024-03-13,8,525624
Table,Jakarta,2024-05-08,18,1616202
Water Dispenser,North-East Region,2023-03-06,3,211863
Washing Machine,Denpasar,2023-09-02,16,249744
Sofa,East Region,2023-10-12,11,349635
Grill,Denpasar,2024-07-29,18,292446
Grill,Kuching,2023-09-23,5,341520
Electric Kettle,North-East Region,2023-07-04,9,848844
Vacuum Cleaner,North Region,2024-04-20,6,358548
Rice Cooker,East Region,2023-02-05,5,26030
Table,East Region,2023-03-29,6,284850
Rice Cooker,West Region,2023-11-13,5,102705
Table,Alor Setar,2023-10-18,11,570196
Washing Machine,North-East Region,2024-03-26,11,1029754
Iron,North Region,2024-04-30,15,913920
Table,Bandung,2023-09-29,13,200122
Dishwasher,Bandung,2023-12-07,6,493548
Dishwasher,George Town,2024-04-18,10,804760
Grill,Ipoh,2023-01-18,19,1231827
Vacuum Cleaner,East Region,2023-04-01,11,989725
Mixer,Kuala Lumpur,2024-02-02,10,658310
Grill,West Region,2023-02-27,13,549029
Air Purifier,Semarang,2024-09-30,5,379010
Toaster,Ipoh,2024-06-28,15,907560
Grill,Central Region,2024-06-21,5,134745
Hair Dryer,Balikpapan,2024-04-29,2,42292
Hair Dryer,George Town,2024-08-09,9,118908
Hair Dryer,Kuantan,2023-04-19,17,1004632
Blender,North Region,2023-04-09,9,677142
Rice Cooker,Kuantan,2024-06-22,20,1180940
Electric Kettle,Yogyakarta,2024-08-31,18,1433304
Sofa,Balikpapan,2023-05-12,11,655545
Chair,Bandung,2023-01-10,16,871520
Rice Cooker,Semarang,2023-01-30,20,1321200
Coffee Maker,West Region,2023-08-21,3,130809
Microwave Oven,Kuantan,2023-02-26,5,461010
Heater,Kuching,2023-02-07,18,1703952
Grill,Medan,2023-11-09,13,242216
Table,Jakarta,2023-11-11,16,645088
Toaster,Bandung,2024-07-11,15,685545
Iron,Yogyakarta,2023-10-03,14,818006
Fan,North Region,2024-04-27,1,10404
Sofa,Palembang,2024-06-07,6,107976
Heater,Jakarta,2023-04-02,12,772788
Washing Machine,Kuching,2023-04-21,13,191373
Fan,Semarang,2023-04-17,3,248811
Water Dispenser,North-East Region,2024-08-03,16,459264
Lamp,Makassar,2024-02-18,18,459756
Carpet,Yogyakarta,2023-11-09,1,98941
Lamp,West Region,2023-12-05,10,236320
Carpet,North Region,2024-06-30,11,880638
Carpet,Makassar,2023-04-24,4,269144
Hair Dryer,North-East Region,2024-05-08,4,101680
Sofa,Central Region,2023-08-26,19,273163
Blender,East Region,2023-04-23,15,1035480
Curtains,Central Region,2023-05-24,12,1130892
Carpet,George Town,2024-05-28,3,18792
Grill,Kuching,2023-06-22,10,683040
Refrigerator,East Region,2023-05-29,3,188181
Table,Medan,2024-08-22,3,15843
Sofa,Yogyakarta,2023-01-24,17,509286
Grill,Shah Alam,2023-11-01,19,1509607
Stove,East Region,2023-11-29,5,148035
Sofa,Central Region,2023-12-10,2,63570
Washing Machine,Medan,2024-08-30,17,1180310
Mixer,Bandung,2024-01-07,9,130068
Iron,Balikpapan,2023-04-03,20,389820
Vacuum Cleaner,Semarang,2023-05-11,16,723168
Microwave Oven,Denpasar,2023-10-04,13,1043380
Grill,Jakarta,2023-09-08,1,42798
Chair,George Town,2024-07-24,5,116235
Air Purifier,North-East Region,2024-02-10,5,61560
Air Purifier,Kuching,2023-06-01,16,1561936
Blender,Central Region,2023-07-15,11,538197
Water Dispenser,North-East Region,2024-07-25,13,614601
Iron,Makassar,2024-03-22,16,1105920
Electric Kettle,Medan,2023-04-01,3,263565
Iron,North-East Region,2024-02-29,5,292145
Blender,West Region,2024-09-30,16,1188672
Stove,Jakarta,2023-04-21,7,619598
Curtains,Kuching,2023-03-08,10,326560
Table,Yogyakarta,2023-06-18,2,30788
Chair,East Region,2024-06-11,9,329418
Water Dispenser,Balikpapan,2023-07-19,10,801560
Washing Machine,North-East Region,2023-11-16,2,38840
Toaster,West Region,2023-03-26,11,973764
Curtains,Denpasar,2024-01-15,5,60935
Water Dispenser,West Region,2023-12-24,6,355140
Stove,George Town,2023-02-04,20,1767320
Blender,West Region,2024-09-26,13,381407
Fan,Denpasar,2023-06-11,16,799392
Table,Johor Bahru,2023-03-19,4,378068
Hair Dryer,West Region,2024-03-22,16,378592
Iron,Semarang,2023-10-14,20,471860
Lamp,Semarang,2024-08-27,5,118160
Refrigerator,West Region,2024-06-19,10,685950
Carpet,Central Region,2023-09-02,17,1342813
Air Purifier,Medan,2024-09-27,12,937812
Coffee Maker,Semarang,2023-12-21,18,833544
Stove,West Region,2024-05-26,20,1770280
Lamp,Kuala Lumpur,2024-06-21,6,372636
Stove,Denpasar,2024-07-16,6,395328
Heater,Bandung,2024-08-25,10,317740
Hair Dryer,Alor Setar,2024-01-07,7,92484
Electric Kettle,Balikpapan,2023-12-22,9,173340
Dishwasher,Alor Setar,2023-03-16,4,95292
Air Purifier,Johor Bahru,2023-08-28,8,417800
Heater,Yogyakarta,2024-10-09,1,87971
Chair,West Region,2024-07-30,6,245352
Refrigerator,North Region,2023-10-14,20,1864360
Blender,Jakarta,2024-05-21,15,231675
Heater,West Region,2023-03-14,7,98518
Vacuum Cleaner,Kuching,2024-03-01,18,950958
Washing Machine,West Region,2023-11-18,5,421310
Heater,Ipoh,2024-07-30,15,858660
Blender,Shah Alam,2023-07-24,18,528102
Blender,Medan,2024-03-05,6,584670
Fan,North-East Region,2024-02-21,10,126070
Rice Cooker,Jakarta,2024-07-09,14,340256
Hair Dryer,Central Region,2024-02-19,8,240816
Iron,George Town,2023-09-12,16,812144
Iron,Medan,2023-10-24,20,1711860
Refrigerator,Jakarta,2023-12-16,2,167554
Stove,Alor Setar,2023-02-21,11,731192
Refrigerator,Ipoh,2023-11-13,15,319305
Sofa,Jakarta,2024-07-03,17,381140
Sofa,Kuching,2023-12-23,13,225563
Dishwasher,Melaka,2023-11-14,7,363776
Washing Machine,West Region,2024-08-25,6,519498
Electric Kettle,Kuching,2023-01-22,9,263628
Table,Medan,2024-01-20,4,379464
Curtains,Kuantan,2024-09-12,5,478550
Heater,Bandung,2024-04-01,14,1385202
Grill,Jakarta,2023-06-02,6,481416
Refrigerator,North-East Region,2023-11-04,11,234157
Blender,Jakarta,2023-10-15,4,150332
Electric Kettle,Jakarta,2024-06-01,5,98450
Mixer,Semarang,2024-08-22,7,537719
Grill,North Region,2024-09-02,3,24072
Coffee Maker,Kuantan,2023-06-13,3,233433
Carpet,Ipoh,2024-01-19,5,310500
Hair Dryer,Ipoh,2024-04-26,3,193680
Coffee Maker,Johor Bahru,2023-08-09,4,369192
Mixer,Denpasar,2024-07-31,6,594156
Carpet,Central Region,2024-05-27,15,1370625
Vacuum Cleaner,Makassar,2023-02-17,12,1059120
Grill,Medan,2024-09-27,14,346934
Table,West Region,2023-08-29,16,230000
Carpet,North-East Region,2023-11-15,13,446823
Chair,Balikpapan,2023-03-08,19,421952
Chair,Balikpapan,2024-06-29,6,237906
Iron,Denpasar,2023-01-26,9,415386
Electric Kettle,Semarang,2023-09-10,7,520821
Carpet,East Region,2024-02-13,16,891696
Rice Cooker,Alor Setar,2023-11-24,9,412920
Rice Cooker,East Region,2024-08-27,2,169778
Carpet,Denpasar,2023-04-27,14,227500
Table,West Region,2023-06-04,16,759600
Washing Machine,Jakarta,2024-08-19,2,187228
Refrigerator,Surabaya,2023-10-02,12,134088
Air Purifier,North-East Region,2024-04-07,9,569817
Toaster,East Region,2024-07-11,13,1042600
Dishwasher,North-East Region,2024-09-14,9,826389
Coffee Maker,North-East Region,2024-08-29,20,366540
Refrigerator,North-East Region,2023-11-03,1,24868
Carpet,Medan,2024-02-27,1,55731
Curtains,North-East Region,2023-08-30,15,206415
Sofa,Denpasar,2024-09-05,11,400488
Toaster,West Region,2024-05-05,4,182812
Refrigerator,Palembang,2023-11-18,15,319305
Curtains,Bandung,2023-07-03,19,1066983
Water Dispenser,Denpasar,2024-01-31,5,236310
Air Purifier,Alor Setar,2024-01-16,7,527688
Water Dispenser,North-East Region,2024-09-21,3,138420
Heater,Bandung,2023-08-13,11,180114
Microwave Oven,West Region,2024-07-17,20,950160
Coffee Maker,North-East Region,2023-07-04,20,366540
Table,Kuantan,2023-07-20,8,756136
Chair,Kuching,2023-01-22,2,81784
Vacuum Cleaner,Bandung,2023-03-22,20,1101740
Washing Machine,Yogyakarta,2023-06-11,5,78045
Vacuum Cleaner,Denpasar,2023-05-17,10,683850
Dishwasher,Johor Bahru,2024-08-25,1,37207
Chair,North-East Region,2023-12-21,10,207540
Curtains,Johor Bahru,2024-09-17,16,112688
Chair,Yogyakarta,2024-04-28,2,69246
Carpet,Kota Kinabalu,2024-03-28,15,1313490
Dishwasher,North Region,2024-09-06,8,307872
Stove,Ipoh,2024-03-01,4,148752
Vacuum Cleaner,Balikpapan,2023-03-26,13,86450
Rice Cooker,Medan,2024-05-15,12,683904
Fan,Kuala Lumpur,2023-01-23,1,39237
Blender,Central Region,2023-04-26,5,482970
Iron,Medan,2024-02-12,10,301550
Carpet,West Region,2024-06-08,1,95836
Toaster,Yogyakarta,2024-06-22,13,1068470
Toaster,Denpasar,2024-10-17,16,1215744
Rice Cooker,Semarang,2023-10-10,16,388864
Carpet,Bandung,2024-02-13,16,1273888
Microwave Oven,Jakarta,2023-06-27,1,32624
Electric Kettle,Ipoh,2023-08-25,10,818400
Iron,Yogyakarta,2024-07-04,15,1362240
Electric Kettle,Central Region,2024-03-15,10,199930
Toaster,Kuching,2024-09-11,4,210648
Fan,Denpasar,2024-07-02,18,1038816
Rice Cooker,North-East Region,2024-10-12,6,591960
Refrigerator,Ipoh,2023-06-30,3,279654
Mixer,Denpasar,2023-02-22,7,424627
Lamp,Denpasar,2024-06-18,16,300880
Hair Dryer,North Region,2024-02-03,12,287076
Vacuum Cleaner,Shah Alam,2024-02-07,18,478332
Toaster,Kuching,2024-10-15,15,384015
Carpet,Bandung,2023-06-13,16,1273888
Air Purifier,Johor Bahru,2024-08-14,1,78151
Mixer,Yogyakarta,2024-10-06,7,558999
Toaster,George Town,2023-09-02,6,136824
Sofa,Medan,2024-02-20,13,625066
Chair,North-East Region,2024-01-12,6,245352
Chair,Jakarta,2023-01-24,1,96316
Stove,Kuala Lumpur,2023-12-04,16,1094032
Blender,Balikpapan,2023-03-07,17,675138
Mixer,East Region,2024-05-27,16,970576
Grill,West Region,2023-02-07,10,98260
Electric Kettle,Central Region,2023-02-22,4,209772
Fan,George Town,2023-08-30,19,994080
Air Purifier,West Region,2024-04-16,17,1460946
Toaster,Kuching,2024-06-24,3,181512
Sofa,West Region,2023-03-12,2,110018
Hair Dryer,East Region,2023-11-11,5,269040
Chair,Semarang,2023-10-08,20,180700
Microwave Oven,Denpasar,2024-10-07,20,608620
Air Purifier,West Region,2023-12-27,10,768020
Fan,North-East Region,2023-03-31,16,923392
Mixer,Kuala Lumpur,2024-09-20,19,835392
Refrigerator,Palembang,2023-04-23,5,369235
Lamp,East Region,2023-11-07,8,67696
Iron,North-East Region,2024-01-23,5,150775
Mixer,George Town,2024-02-27,18,1550124
Stove,George Town,2023-12-02,16,647056
Fan,Ipoh,2024-10-17,1,57712
Toaster,North-East Region,2024-01-20,7,596274
Fan,North-East Region,2024-08-11,18,556992
Water Dispenser,West Region,2023-12-19,20,1276100
Microwave Oven,Bandung,2023-04-29,5,152155
Mixer,North Region,2023-01-25,15,1144890
Water Dispenser,Semarang,2024-06-05,19,1212295
Iron,Jakarta,2023-01-22,5,175025
Carpet,Alor Setar,2023-04-19,11,1054196
Curtains,Denpasar,2023-12-19,14,1319374
Iron,West Region,2023-08-30,8,476336
Chair,Kuantan,2023-02-03,20,1849500
Hair Dryer,North-East Region,2023-04-16,12,948336
Washing Machine,Semarang,2023-05-12,3,34194
Blender,Ipoh,2023-11-18,4,195708
Vacuum Cleaner,George Town,2024-04-27,1,44400
Sofa,Melaka,2024-10-01,2,62228
Table,Makassar,2024-10-18,12,966420
Electric Kettle,Denpasar,2023-10-11,19,360886
Air Purifier,Ipoh,2024-09-06,10,739480
Hair Dryer,Medan,2023-03-09,10,513330
Sofa,Kuala Lumpur,2024-06-09,17,509286
Microwave Oven,Kuantan,2024-09-20,18,208260
Curtains,North Region,2023-06-21,16,931136
Electric Kettle,East Region,2023-02-11,18,341856
Electric Kettle,Shah Alam,2024-03-22,12,326412
Air Purifier,Semarang,2023-02-02,5,157555
Washing Machine,Denpasar,2024-10-20,3,33549
Water Dispenser,North-East Region,2023-10-21,19,108471
Chair,North-East Region,2024-05-23,11,634403
Fan,Ipoh,2024-05-05,12,100776
Washing Machine,Balikpapan,2024-03-23,20,663180
Sofa,Ipoh,2024-04-30,15,294795
Air Purifier,North Region,2023-05-23,18,1670778
Mixer,North-East Region,2024-04-23,15,1291770
Hair Dryer,North Region,2023-11-11,7,254352
Vacuum Cleaner,Kuching,2024-09-06,13,954395
Chair,Palembang,2024-09-18,14,784574
Coffee Maker,West Region,2024-01-03,2,132874
Washing Machine,Denpasar,2023-11-30,6,275784
Lamp,Central Region,2023-01-12,1,25997
Rice Cooker,Jakarta,2024-06-02,15,1461270
Air Purifier,Denpasar,2023-01-16,13,634348
Mixer,Kuala Lumpur,2024-02-26,6,424740
Iron,Medan,2024-03-11,2,158078
Microwave Oven,Semarang,2023-05-08,7,228368
Dishwasher,Yogyakarta,2024-07-12,20,696820
Chair,Denpasar,2023-01-19,8,166032
Heater,North Region,2023-10-12,1,7771
Rice Cooker,Central Region,2023-09-08,3,79266
Toaster,Semarang,2023-12-09,13,652899
Lamp,Medan,2024-02-10,18,841500
Water Dispenser,North-East Region,2024-05-26,1,5709
Chair,Central Region,2024-05-02,19,1714769
Mixer,George Town,2024-04-26,5,329155
Refrigerator,West Region,2023-04-09,1,10704
Chair,Kuching,2024-04-17,10,913980
Electric Kettle,West Region,2023-08-16,7,46774
Electric Kettle,Yogyakarta,2024-07-07,18,1420056
Vacuum Cleaner,Balikpapan,2023-12-09,13,188591
Coffee Maker,Jakarta,2024-05-20,2,106796
Carpet,Denpasar,2024-01-26,16,465872
Curtains,Denpasar,2023-09-05,10,566810
Vacuum Cleaner,West Region,2024-02-16,20,223500
Toaster,Ipoh,2024-09-18,8,749328
Vacuum Cleaner,East Region,2023-10-17,15,831345
Dishwasher,Kota Kinabalu,2023-09-01,7,260449
Vacuum Cleaner,North-East Region,2023-07-19,7,268555
Carpet,East Region,2023-10-04,5,456875
Stove,Kuching,2023-01-09,6,223128
Air Purifier,Medan,2023-08-29,20,1952420
Table,Shah Alam,2023-08-13,18,1444266
Blender,Alor Setar,2023-01-04,13,496340
Air Purifier,Yogyakarta,2023-06-28,1,92821
Sofa,West Region,2023-10-18,7,261849
Heater,North-East Region,2023-10-19,15,245610
Sofa,North-East Region,2023-07-11,7,396109
Rice Cooker,West Region,2023-07-08,4,108320
Iron,Yogyakarta,2023-01-14,4,243712
Washing Machine,Kota Kinabalu,2023-01-11,8,76000
Electric Kettle,Alor Setar,2024-01-05,4,209772
Fan,East Region,2023-01-14,12,351252
Fan,Ipoh,2023-05-18,10,70060
Electric Kettle,North-East Region,2023-08-19,1,87855
Dishwasher,Balikpapan,2024-06-08,10,879270
Stove,Kuala Lumpur,2023-06-03,17,328202
Curtains,Jakarta,2023-05-20,7,168441
Water Dispenser,Kuching,2023-06-09,11,55594
Blender,Makassar,2023-10-11,9,533214
Washing Machine,Jakarta,2023-02-28,11,125378
Electric Kettle,Kota Kinabalu,2024-07-06,5,398140
Dishwasher,Johor Bahru,2024-01-11,11,396979
Grill,Semarang,2023-01-14,3,76989
Blender,North-East Region,2024-04-12,14,216230
Heater,West Region,2023-08-26,16,644720
Microwave Oven,Yogyakarta,2023-04-24,1,70836
Lamp,Medan,2024-10-07,17,441949
Lamp,West Region,2023-08-18,3,240258
Coffee Maker,East Region,2023-09-08,3,61854
Electric Kettle,Medan,2024-10-18,4,399680
Mixer,Ipoh,2024-08-27,15,1115535
Lamp,Palembang,2024-05-11,6,159552
Curtains,Medan,2023-09-29,3,26424
Chair,Central Region,2023-05-24,12,1036788
Grill,Semarang,2023-04-25,13,780221
Water Dispenser,Johor Bahru,2024-04-08,8,284072
Mixer,West Region,2024-03-01,11,332321
Grill,East Region,2024-07-13,14,377286
Mixer,Balikpapan,2023-08-29,16,1132640
Carpet,Kuching,2024-09-02,6,143106
Hair Dryer,North Region,2023-06-03,17,406691
Chair,Central Region,2023-06-04,19,1655223
Washing Machine,Denpasar,2024-04-04,15,1135365
Electric Kettle,Semarang,2024-07-28,16,325040
Mixer,Yogyakarta,2023-01-21,3,118374
Grill,North-East Region,2024-09-11,17,1104830
Table,George Town,2024-08-19,12,1134204
Chair,Ipoh,2024-08-02,17,715598
Vacuum Cleaner,North-East Region,2024-05-07,19,1111690
Sofa,North Region,2023-03-24,10,639650
Curtains,West Region,2023-08-28,3,52869
Grill,Jakarta,2023-06-02,20,675040
Grill,George Town,2024-06-12,1,83632
Refrigerator,George Town,2023-11-06,1,11174
Rice Cooker,Denpasar,2023-02-03,12,550560
Dishwasher,Jakarta,2024-01-15,17,1686740
Refrigerator,North-East Region,2023-06-11,9,575775
Iron,Central Region,2024-05-09,6,171342
Coffee Maker,Ipoh,2024-02-21,11,587378
Air Purifier,West Region,2023-10-05,7,565369
Dishwasher,Balikpapan,2023-08-06,6,228186
Grill,Jakarta,2024-05-12,7,625233
Sofa,Jakarta,2024-04-04,12,448884
Grill,Balikpapan,2024-10-03,7,619255
Sofa,Balikpapan,2023-12-19,8,327800
Water Dispenser,Medan,2024-07-11,1,47262
Heater,Kuala Lumpur,2024-07-21,10,946640
Hair Dryer,Makassar,2023-07-31,9,797553
Vacuum Cleaner,East Region,2024-07-02,11,926464
Mixer,Denpasar,2023-02-03,2,131662
Iron,George Town,2023-08-05,13,1180608
Blender,West Region,2023-09-21,15,1023960
Fan,Central Region,2023-10-30,12,341700
Carpet,Denpasar,2024-08-18,17,413899
Sofa,East Region,2023-10-13,2,44840
Carpet,Jakarta,2024-09-02,15,1341075
Vacuum Cleaner,North-East Region,2024-02-05,8,653928
Air Purifier,Yogyakarta,2023-11-08,11,696443
Washing Machine,Kuching,2024-08-06,2,30818
Toaster,Semarang,2024-09-13,15,1139760
Table,North-East Region,2024-06-07,9,553887
Curtains,North-East Region,2024-02-05,12,481488
Rice Cooker,Kuching,2023-04-20,11,657096
Mixer,Denpasar,2024-10-23,19,1636242
Rice Cooker,Shah Alam,2023-10-24,16,1290272
Toaster,North Region,2023-01-19,19,581134
Refrigerator,Yogyakarta,2024-08-26,11,234157
Curtains,Bandung,2024-05-18,15,842355
Electric Kettle,Central Region,2023-09-14,7,139951
Coffee Maker,West Region,2023-07-28,16,648976
Dishwasher,Semarang,2024-09-10,5,331015
Mixer,Jakarta,2023-02-28,17,1086623
Washing Machine,Ipoh,2023-07-17,15,633555
Hair Dryer,Palembang,2023-09-02,19,1522641
Chair,Kota Kinabalu,2024-06-04,4,230748
Water Dispenser,Shah Alam,2023-03-29,11,651090
Washing Machine,East Region,2023-08-27,19,216562
Grill,Shah Alam,2024-01-06,6,212700
Carpet,Denpasar,2024-06-17,16,1284736
Chair,East Region,2023-08-05,19,1815355
Chair,Shah Alam,2024-06-29,9,866844
Blender,Central Region,2023-01-27,7,108115
Vacuum Cleaner,Kuching,2024-07-10,4,44700
Lamp,North-East Region,2023-04-17,16,615072
Fan,Ipoh,2024-01-15,18,1795608
Carpet,West Region,2024-05-05,9,826542
Iron,Jakarta,2023-01-19,19,1157632
Electric Kettle,Shah Alam,2023-01-26,15,299895
Curtains,North Region,2024-05-29,18,747000
Grill,Central Region,2023-12-27,7,130424
Blender,Ipoh,2023-10-28,13,1092403
Vacuum Cleaner,East Region,2024-01-31,10,472320
Dishwasher,Denpasar,2023-03-01,9,724284
Grill,North-East Region,2024-07-21,19,1320120
Vacuum Cleaner,Denpasar,2023-09-13,19,675184
Water Dispenser,West Region,2024-10-10,1,78379
Mixer,North-East Region,2024-08-11,16,1221216
Blender,Central Region,2023-01-03,10,645650
Sofa,Kota Kinabalu,2024-06-06,20,508900
Electric Kettle,Alor Setar,2023-04-17,10,192600
Grill,Alor Setar,2023-10-03,11,296439
Curtains,Jakarta,2024-01-20,2,191666
Carpet,North-East Region,2023-01-20,14,1341704
Chair,Balikpapan,2023-12-22,15,519345
Coffee Maker,Yogyakarta,2023-02-18,17,350506
Carpet,Makassar,2024-10-23,7,645435
Vacuum Cleaner,North-East Region,2024-05-21,5,263605
Carpet,Medan,2024-01-01,10,989410
Air Purifier,Denpasar,2024-02-07,6,216588
Refrigerator,North-East Region,2024-02-19,2,127950
Stove,Medan,2024-04-18,16,860352
Microwave Oven,Semarang,2023-12-01,2,101224
Mixer,Yogyakarta,2024-09-21,13,855803
Rice Cooker,George Town,2024-05-04,19,323380
Sofa,Ipoh,2024-06-16,1,39635
Iron,George Town,2024-04-13,11,232716
Dishwasher,North Region,2023-02-14,19,1885180
Electric Kettle,East Region,2024-09-27,9,244809
Grill,George Town,2023-08-15,1,42233
Dishwasher,Kota Kinabalu,2023-09-26,20,1039360
Blender,Kuantan,2023-01-01,19,929613
Microwave Oven,Johor Bahru,2024-07-10,10,69970
Fan,Kuantan,2023-12-06,3,211740
Carpet,Alor Setar,2023-06-12,17,276250
Air Purifier,Alor Setar,2023-12-22,7,508515
Stove,George Town,2023-06-20,19,105222
Hair Dryer,Johor Bahru,2024-05-03,10,790280
Toaster,Kuching,2024-08-06,19,878484
Table,Kuala Lumpur,2023-02-10,19,1591307
Carpet,North-East Region,2023-03-25,8,339272
Stove,Kota Kinabalu,2023-12-16,16,451344
Refrigerator,Denpasar,2023-06-24,19,1303305
Grill,Balikpapan,2023-10-05,2,61776
Lamp,Shah Alam,2024-05-23,18,1317996
Rice Cooker,George Town,2023-02-28,7,170128
Heater,Yogyakarta,2023-12-08,13,212862
Iron,West Region,2024-10-17,17,1343663
Refrigerator,North-East Region,2024-06-24,20,214080
Dishwasher,West Region,2023-01-17,12,502836
Water Dispenser,Alor Setar,2023-05-29,8,369120
Fan,North-East Region,2024-10-04,1,12607
Toaster,Denpasar,2024-05-27,11,746548
Rice Cooker,North-East Region,2024-05-28,1,45880
Mixer,George Town,2024-02-06,18,1184958
Curtains,Central Region,2024-01-16,4,58344
Electric Kettle,Jakarta,2024-07-26,19,556548
Sofa,North-East Region,2023-10-13,10,299580
Sofa,North-East Region,2023-08-23,18,323928
Hair Dryer,North-East Region,2023-09-30,8,577336
Sofa,Palembang,2023-12-31,13,515255
Fan,Semarang,2023-02-13,15,865680
Mixer,North-East Region,2024-04-19,3,297078
Blender,Johor Bahru,2024-08-01,20,296980
Iron,Kuala Lumpur,2023-07-20,8,478392
Water Dispenser,Denpasar,2024-07-19,15,1059315
Hair Dryer,East Region,2024-05-28,8,105696
