NamaProduk,Kategori,Harga
Coffee Maker,Home Decor,32220
Iron,Electronics,60247
Refrigerator,Electronics,17664
Lamp,Storage,63367
Hair Dryer,Electronics,98797
Lamp,Outdoor,56602
Coffee Maker,Electronics,90113
Blender,Bathroom,74774
Iron,Living Room,28557
Chair,Bathroom,58615
Electric Kettle,Living Room,91399
Vacuum Cleaner,Outdoor,59588
Water Dispenser,Electronics,35511
Grill,Home Decor,69480
Hair Dryer,Kitchen Appliances,80139
Vacuum Cleaner,Home Decor,67590
Microwave Oven,Outdoor,77991
Mixer,Furniture,45005
Washing Machine,Bedroom,73789
Curtains,Laundry,95710
Heater,Living Room,57244
Mixer,Bedroom,65831
Table,Living Room,83753
Chair,Electronics,23247
Washing Machine,Home Decor,52150
Water Dispenser,Living Room,57737
Heater,Laundry,73870
Sofa,Bathroom,57432
Stove,Bathroom,61527
Sofa,Bedroom,91681
Sofa,Bedroom,72660
Water Dispenser,Outdoor,82600
Refrigerator,Electronics,11119
Coffee Maker,Furniture,83300
Fan,Living Room,92332
Mixer,Electronics,64629
Electric Kettle,Electronics,14329
Electric Kettle,Furniture,39892
Heater,Home Decor,51575
Hair Dryer,Home Decor,95440
Coffee Maker,Kitchen Appliances,88484
Washing Machine,Outdoor,61633
Electric Kettle,Outdoor,78892
Stove,Kitchen Appliances,23912
Grill,Storage,75661
Toaster,Electronics,46236
Iron,Storage,85593
Blender,Home Decor,37583
Electric Kettle,Kitchen Appliances,85273
Heater,Home Decor,31774
Fan,Bathroom,49962
Fan,Outdoor,57712
Iron,Home Decor,23892
Grill,Living Room,18632
Heater,Kitchen Appliances,32446
Vacuum Cleaner,Electronics,81741
Rice Cooker,Bedroom,58871
Iron,Laundry,81152
Refrigerator,Laundry,44581
Heater,Storage,7771
Air Purifier,Storage,36098
Sofa,Storage,7777
Microwave Oven,Outdoor,7985
Air Purifier,Outdoor,95277
Hair Dryer,Electronics,58215
Air Purifier,Bedroom,17702
Blender,Bathroom,74292
Air Purifier,Kitchen Appliances,85938
Fan,Bathroom,30830
Rice Cooker,Living Room,74871
Water Dispenser,Home Decor,62299
Coffee Maker,Furniture,53398
Washing Machine,Laundry,22605
Rice Cooker,Electronics,20541
Electric Kettle,Bedroom,74403
Coffee Maker,Living Room,7323
Lamp,Furniture,35605
Iron,Furniture,25192
Rice Cooker,Outdoor,86251
Lamp,Bedroom,29106
Carpet,Storage,84630
Microwave Oven,Bathroom,30431
Sofa,Laundry,86218
Dishwasher,Furniture,35241
Heater,Bedroom,95018
Heater,Bathroom,89518
Sofa,Laundry,55009
Refrigerator,Outdoor,71348
Mixer,Kitchen Appliances,45197
Lamp,Laundry,26592
Toaster,Furniture,32949
Water Dispenser,Storage,94400
Refrigerator,Living Room,49673
Grill,Furniture,25663
Heater,Outdoor,75161
Microwave Oven,Home Decor,66639
Iron,Outdoor,81584
Mixer,Living Room,76326
Hair Dryer,Furniture,80867
Sofa,Laundry,29958
Hair Dryer,Outdoor,49893
Grill,Electronics,8024
Refrigerator,Outdoor,56114
Carpet,Bedroom,62100
Hair Dryer,Home Decor,64560
Sofa,Kitchen Appliances,60662
Air Purifier,Kitchen Appliances,78151
Vacuum Cleaner,Outdoor,55423
Microwave Oven,Storage,20712
Grill,Kitchen Appliances,49175
Vacuum Cleaner,Outdoor,61116
Washing Machine,Home Decor,12390
Stove,Outdoor,19306
Electric Kettle,Bedroom,19993
Heater,Bedroom,10899
Sofa,Home Decor,54366
Heater,Laundry,50379
Stove,Bathroom,28209
Washing Machine,Outdoor,15609
Electric Kettle,Storage,25251
Sofa,Kitchen Appliances,84398
Hair Dryer,Home Decor,72167
Table,Electronics,47475
Carpet,Laundry,34371
Lamp,Furniture,8462
Washing Machine,Kitchen Appliances,49644
Microwave Oven,Kitchen Appliances,84752
Curtains,Laundry,60349
Sofa,Home Decor,84778
Coffee Maker,Kitchen Appliances,85170
Blender,Kitchen Appliances,93148
Lamp,Electronics,62106
Blender,Kitchen Appliances,48927
Rice Cooker,Kitchen Appliances,73342
Toaster,Furniture,97312
Coffee Maker,Home Decor,90601
Chair,Bathroom,91398
Iron,Furniture,90185
Refrigerator,Bathroom,63975
Water Dispenser,Living Room,70621
Washing Machine,Bathroom,93614
Lamp,Home Decor,73222
Rice Cooker,Kitchen Appliances,10984
Toaster,Furniture,42162
Refrigerator,Living Room,93374
Lamp,Laundry,71935
Blender,Bathroom,97445
Microwave Oven,Home Decor,16821
Coffee Maker,Living Room,70259
Coffee Maker,Furniture,35904
Lamp,Living Room,45364
Fan,Home Decor,28475
Rice Cooker,Home Decor,66060
Dishwasher,Kitchen Appliances,15488
Blender,Home Decor,6944
Heater,Outdoor,81225
Curtains,Home Decor,65703
Iron,Home Decor,26833
Sofa,Bedroom,53497
Grill,Living Room,35450
Sofa,Storage,90062
Stove,Kitchen Appliances,69321
Mixer,Electronics,30211
Lamp,Outdoor,63157
Air Purifier,Home Decor,75802
Sofa,Living Room,37407
Chair,Bathroom,43822
Mixer,Kitchen Appliances,7250
Hair Dryer,Living Room,41351
Toaster,Living Room,93666
Dishwasher,Laundry,12881
Grill,Furniture,33752
Vacuum Cleaner,Home Decor,84224
Lamp,Kitchen Appliances,13679
Heater,Bathroom,33234
Sofa,Electronics,54055
Refrigerator,Bathroom,98514
Carpet,Laundry,63022
Microwave Oven,Furniture,50331
Microwave Oven,Electronics,27495
Heater,Bathroom,87971
Hair Dryer,Laundry,59096
Electric Kettle,Furniture,87855
Table,Storage,30783
Coffee Maker,Bedroom,65009
Mixer,Bathroom,92506
Blender,Electronics,64565
Electric Kettle,Bathroom,79628
Chair,Electronics,24394
Electric Kettle,Laundry,14232
Carpet,Bathroom,79618
Stove,Living Room,62110
Carpet,Bathroom,86723
Air Purifier,Storage,75384
Hair Dryer,Bedroom,30102
Blender,Laundry,20556
Vacuum Cleaner,Electronics,81671
Iron,Kitchen Appliances,57897
Blender,Home Decor,84031
Curtains,Outdoor,32371
Blender,Kitchen Appliances,43389
Heater,Kitchen Appliances,86052
Lamp,Living Room,55630
Toaster,Bedroom,47680
Iron,Home Decor,60451
Fan,Home Decor,39237
Fan,Storage,99756
Blender,Bathroom,29339
Curtains,Storage,79894
Rice Cooker,Home Decor,25730
Table,Home Decor,89789
Sofa,Living Room,21811
Refrigerator,Kitchen Appliances,77988
Chair,Living Room,55977
Rice Cooker,Kitchen Appliances,68586
Electric Kettle,Storage,99084
Table,Laundry,5281
Table,Electronics,42152
Fan,Living Room,11330
Fan,Outdoor,93838
Lamp,Bathroom,73432
Water Dispenser,Furniture,59190
Air Purifier,Electronics,42760
Toaster,Outdoor,39196
Washing Machine,Outdoor,74323
Electric Kettle,Kitchen Appliances,94316
Lamp,Laundry,38793
Microwave Oven,Bedroom,60575
Iron,Electronics,16937
Sofa,Electronics,44992
Water Dispenser,Outdoor,20969
Blender,Outdoor,27775
Heater,Bedroom,41082
Curtains,Home Decor,56157
Microwave Oven,Outdoor,57519
Water Dispenser,Bathroom,56585
Chair,Bathroom,96316
Heater,Kitchen Appliances,25187
Iron,Laundry,28706
Washing Machine,Furniture,51376
Vacuum Cleaner,Furniture,89975
Hair Dryer,Storage,36455
Coffee Maker,Outdoor,43021
Washing Machine,Laundry,45964
Dishwasher,Home Decor,38484
Fan,Laundry,55285
Washing Machine,Storage,86583
Air Purifier,Living Room,19291
Water Dispenser,Furniture,56791
Mixer,Kitchen Appliances,16375
Coffee Maker,Electronics,85201
Fan,Home Decor,88481
Fan,Living Room,10404
Fan,Bathroom,52320
Heater,Home Decor,40295
Blender,Storage,84437
Vacuum Cleaner,Kitchen Appliances,73415
Toaster,Bedroom,45703
Grill,Laundry,60375
Sofa,Laundry,14377
Water Dispenser,Electronics,63073
Electric Kettle,Home Decor,54273
Water Dispenser,Furniture,95051
Water Dispenser,Home Decor,18067
Fan,Furniture,30944
Hair Dryer,Storage,19297
Water Dispenser,Living Room,5709
Vacuum Cleaner,Home Decor,30465
Electric Kettle,Electronics,29292
Air Purifier,Furniture,92821
Blender,Electronics,15445
Toaster,Laundry,50137
Rice Cooker,Laundry,36301
Mixer,Living Room,60661
Stove,Furniture,72724
Toaster,Furniture,84705
Table,Outdoor,66877
Rice Cooker,Outdoor,5206
Coffee Maker,Laundry,88650
Refrigerator,Bedroom,83777
Chair,Furniture,95545
Electric Kettle,Storage,49152
Chair,Storage,87117
Coffee Maker,Bathroom,23588
Grill,Laundry,72178
Washing Machine,Outdoor,46289
Chair,Living Room,32839
Curtains,Laundry,58196
Heater,Living Room,73398
Rice Cooker,Kitchen Appliances,88338
Chair,Outdoor,58751
Table,Living Room,15394
Refrigerator,Storage,38254
Water Dispenser,Living Room,25909
Lamp,Outdoor,25997
Electric Kettle,Bathroom,94776
Curtains,Laundry,69376
Grill,Bedroom,64833
Water Dispenser,Bathroom,47277
Mixer,Home Decor,74369
Carpet,Electronics,15746
Chair,Storage,39651
Table,Laundry,15767
Stove,Bathroom,29607
Coffee Maker,Furniture,18327
Toaster,Furniture,25601
Electric Kettle,Storage,42066
Refrigerator,Kitchen Appliances,75401
Coffee Maker,Bedroom,71463
Refrigerator,Home Decor,47381
Blender,Laundry,69569
Iron,Home Decor,93080
Dishwasher,Laundry,81546
Lamp,Bathroom,66319
Table,Furniture,18038
Dishwasher,Kitchen Appliances,46307
Microwave Oven,Electronics,15475
Dishwasher,Bedroom,88611
Washing Machine,Bedroom,84262
Mixer,Outdoor,76817
Grill,Furniture,9826
Water Dispenser,Kitchen Appliances,80156
Grill,Living Room,11254
Air Purifier,Outdoor,86483
Vacuum Cleaner,Home Decor,52721
Vacuum Cleaner,Storage,55087
Grill,Furniture,14963
Toaster,Bedroom,93464
Microwave Oven,Outdoor,13515
Carpet,Kitchen Appliances,89405
Stove,Storage,24118
Rice Cooker,Kitchen Appliances,17020
Toaster,Home Decor,50223
Rice Cooker,Storage,46378
Fan,Kitchen Appliances,70580
Fan,Outdoor,50905
Vacuum Cleaner,Laundry,20604
Vacuum Cleaner,Kitchen Appliances,86733
Lamp,Outdoor,71345
Washing Machine,Electronics,19420
Washing Machine,Electronics,66025
Stove,Home Decor,74216
Coffee Maker,Bedroom,47297
Washing Machine,Kitchen Appliances,79514
Sofa,Storage,59595
Stove,Home Decor,68377
Microwave Oven,Furniture,70836
Vacuum Cleaner,Living Room,46747
Grill,Bathroom,60017
Refrigerator,Storage,10704
Toaster,Kitchen Appliances,18670
Heater,Storage,63691
Coffee Maker,Kitchen Appliances,46308
Grill,Laundry,80236
Coffee Maker,Home Decor,13727
Dishwasher,Bedroom,27888
Rice Cooker,Electronics,27080
Grill,Bedroom,25622
Hair Dryer,Living Room,28646
Table,Furniture,53400
Grill,Kitchen Appliances,42798
Electric Kettle,Electronics,50442
Refrigerator,Laundry,84331
Vacuum Cleaner,Storage,39486
Toaster,Bedroom,30586
Chair,Laundry,86399
Washing Machine,Outdoor,25503
Grill,Home Decor,98724
Hair Dryer,Storage,12460
Washing Machine,Furniture,59026
Toaster,Electronics,28406
Carpet,Furniture,24347
Coffee Maker,Furniture,92298
Iron,Bathroom,22250
Refrigerator,Living Room,65958
Mixer,Outdoor,88901
Dishwasher,Electronics,7424
Fan,Outdoor,79982
Dishwasher,Home Decor,44992
Refrigerator,Furniture,67226
Microwave Oven,Laundry,88936
Vacuum Cleaner,Home Decor,68385
Carpet,Furniture,42409
Carpet,Bedroom,80296
Washing Machine,Home Decor,23666
Blender,Outdoor,42563
Dishwasher,Living Room,34131
Chair,Electronics,79160
Hair Dryer,Electronics,6075
Chair,Furniture,73687
Carpet,Laundry,88981
Rice Cooker,Home Decor,6099
Table,Laundry,80535
Refrigerator,Laundry,93218
Vacuum Cleaner,Bedroom,35536
Electric Kettle,Bathroom,19690
Carpet,Storage,95836
Lamp,Living Room,23632
Electric Kettle,Kitchen Appliances,27201
Iron,Kitchen Appliances,53471
Grill,Storage,97616
Sofa,Electronics,22494
Curtains,Storage,7043
Table,Home Decor,18840
Electric Kettle,Furniture,42068
Iron,Storage,76576
Dishwasher,Bathroom,36157
Toaster,Electronics,67868
Coffee Maker,Outdoor,88012
Toaster,Furniture,85182
Coffee Maker,Bathroom,66437
Stove,Bedroom,73917
Dishwasher,Electronics,5016
Mixer,Home Decor,63919
Mixer,Living Room,43968
Grill,Outdoor,84756
Electric Kettle,Furniture,28629
Vacuum Cleaner,Storage,46676
Iron,Laundry,23593
Hair Dryer,Living Room,94956
Sofa,Outdoor,9660
Iron,Living Room,21156
Heater,Storage,24387
Mixer,Storage,31047
Lamp,Storage,73008
Hair Dryer,Bathroom,93530
Mixer,Kitchen Appliances,56880
Lamp,Bathroom,36229
Blender,Laundry,43897
Chair,Home Decor,22208
Lamp,Storage,24065
Mixer,Furniture,87327
Air Purifier,Kitchen Appliances,46243
Toaster,Kitchen Appliances,23854
Sofa,Living Room,40975
Microwave Oven,Bedroom,87697
Refrigerator,Electronics,73847
Grill,Living Room,67755
Air Purifier,Bathroom,34372
Lamp,Furniture,41598
Electric Kettle,Kitchen Appliances,18992
Electric Kettle,Laundry,52443
Carpet,Kitchen Appliances,16250
Coffee Maker,Bathroom,62506
Coffee Maker,Furniture,15193
Stove,Outdoor,66472
Vacuum Cleaner,Outdoor,47232
Water Dispenser,Home Decor,5054
Air Purifier,Home Decor,98295
Blender,Laundry,96594
Electric Kettle,Living Room,74409
Lamp,Bathroom,50398
Chair,Living Room,13421
Washing Machine,Furniture,9500
Iron,Laundry,59799
Coffee Maker,Electronics,30650
Air Purifier,Bedroom,72645
Coffee Maker,Electronics,17076
Curtains,Home Decor,81210
Washing Machine,Electronics,82798
Air Purifier,Electronics,32985
Rice Cooker,Living Room,59736
Microwave Oven,Living Room,11570
Washing Machine,Storage,91253
Chair,Electronics,42094
Iron,Laundry,69120
Electric Kettle,Home Decor,6682
Vacuum Cleaner,Home Decor,38365
Microwave Oven,Furniture,62419
Grill,Outdoor,42233
Heater,Electronics,15677
Refrigerator,Home Decor,91152
Hair Dryer,Kitchen Appliances,85221
Lamp,Kitchen Appliances,89259
Iron,Electronics,61344
Washing Machine,Laundry,74332
Heater,Home Decor,44003
Refrigerator,Living Room,70913
Washing Machine,Storage,85476
Toaster,Bathroom,60504
Lamp,Furniture,37282
Dishwasher,Laundry,23823
Heater,Bedroom,16374
Stove,Storage,5538
Carpet,Living Room,98941
Hair Dryer,Bathroom,53808
Washing Machine,Laundry,51625
Hair Dryer,Furniture,79028
Vacuum Cleaner,Furniture,58510
Rice Cooker,Bathroom,6035
Dishwasher,Furniture,38031
Chair,Electronics,51921
Rice Cooker,Bedroom,28491
Hair Dryer,Living Room,36336
Curtains,Electronics,69457
Washing Machine,Storage,87166
Dishwasher,Bathroom,25731
Iron,Storage,79039
Grill,Bathroom,26949
Water Dispenser,Bathroom,34161
Dishwasher,Kitchen Appliances,27601
Chair,Living Room,45459
Rice Cooker,Kitchen Appliances,97418
Curtains,Living Room,95833
Air Purifier,Bedroom,44045
Curtains,Storage,32656
Fan,Home Decor,65253
Heater,Home Decor,26984
Coffee Maker,Electronics,67703
Heater,Bedroom,52932
Chair,Outdoor,42417
Hair Dryer,Furniture,6585
Water Dispenser,Laundry,35509
Mixer,Furniture,39458
Sofa,Bedroom,77841
Fan,Bedroom,44615
Fan,Outdoor,15136
Washing Machine,Living Room,69430
Rice Cooker,Kitchen Appliances,24304
Table,Furniture,34265
Chair,Laundry,34623
Blender,Outdoor,14849
Coffee Maker,Bedroom,43603
Curtains,Bedroom,81451
Stove,Kitchen Appliances,78089
Fan,Electronics,88361
Mixer,Bathroom,99026
Carpet,Home Decor,46676
Vacuum Cleaner,Living Room,89804
Electric Kettle,Bathroom,42492
Washing Machine,Laundry,75691
Coffee Maker,Storage,44268
Iron,Laundry,95661
Grill,Bathroom,89319
Table,Outdoor,14375
Toaster,Living Room,58677
Lamp,Home Decor,42776
Chair,Bathroom,77497
Vacuum Cleaner,Laundry,9547
Vacuum Cleaner,Outdoor,95029
Sofa,Outdoor,22420
Washing Machine,Storage,15409
Table,Furniture,94866
Washing Machine,Furniture,11398
Grill,Bathroom,71217
Refrigerator,Kitchen Appliances,5248
Chair,Electronics,72320
Carpet,Storage,58880
Table,Laundry,23035
Fan,Home Decor,51925
Washing Machine,Living Room,56791
Blender,Home Decor,59246
Sofa,Electronics,17351
Table,Laundry,72372
Lamp,Outdoor,60386
Coffee Maker,Kitchen Appliances,44622
Curtains,Living Room,8808
Mixer,Outdoor,63449
Washing Machine,Kitchen Appliances,89467
Electric Kettle,Living Room,81840
Heater,Kitchen Appliances,98943
Air Purifier,Home Decor,95048
Fan,Storage,8398
Lamp,Furniture,13026
Iron,Laundry,58429
Mixer,Bedroom,14452
Electric Kettle,Storage,29705
Mixer,Home Decor,28804
Chair,Bathroom,95237
Hair Dryer,Storage,71407
Lamp,Kitchen Appliances,38442
Heater,Bedroom,14074
Grill,Electronics,45458
Toaster,Bedroom,80200
Table,Electronics,48765
Vacuum Cleaner,Bathroom,88260
Sofa,Laundry,10818
Dishwasher,Furniture,34841
Water Dispenser,Furniture,75876
Washing Machine,Laundry,49081
Blender,Kitchen Appliances,6498
Curtains,Living Room,20024
Heater,Home Decor,24294
Electric Kettle,Electronics,28384
Fan,Bedroom,29054
Air Purifier,Laundry,24865
Air Purifier,Electronics,80767
Blender,Kitchen Appliances,69032
Vacuum Cleaner,Laundry,44400
Sofa,Bedroom,63965
Chair,Furniture,51879
Rice Cooker,Bedroom,26422
Microwave Oven,Storage,35374
Chair,Bedroom,40892
Curtains,Laundry,24063
Microwave Oven,Storage,50612
Rice Cooker,Home Decor,84889
Refrigerator,Home Decor,37127
Vacuum Cleaner,Furniture,63685
Curtains,Outdoor,71855
Grill,Laundry,35159
Water Dispenser,Living Room,28704
Toaster,Outdoor,91914
Toaster,Living Room,75155
Vacuum Cleaner,Kitchen Appliances,26574
Blender,Bedroom,68264
Stove,Bedroom,72422
Microwave Oven,Electronics,15695
Curtains,Outdoor,71589
Carpet,Storage,67286
Toaster,Bedroom,64798
Stove,Kitchen Appliances,29268
Heater,Outdoor,62725
Rice Cooker,Bathroom,54258
Electric Kettle,Kitchen Appliances,46256
Carpet,Bedroom,6264
Sofa,Electronics,39635
Sofa,Home Decor,87476
Fan,Electronics,80430
Chair,Bedroom,57673
Rice Cooker,Furniture,98660
Chair,Furniture,9035
Air Purifier,Laundry,33669
Dishwasher,Electronics,99220
Stove,Bathroom,95457
Sofa,Outdoor,33282
Refrigerator,Electronics,11174
Stove,Furniture,93017
Hair Dryer,Home Decor,25420
Coffee Maker,Outdoor,14683
Stove,Furniture,12992
Air Purifier,Bedroom,96198
Dishwasher,Bedroom,41903
Air Purifier,Laundry,31511
Iron,Bathroom,35005
Hair Dryer,Bathroom,67750
Dishwasher,Outdoor,82258
Iron,Living Room,46154
Hair Dryer,Storage,76227
Blender,Bathroom,24672
Rice Cooker,Living Room,56992
Refrigerator,Bathroom,68595
Mixer,Laundry,43157
Lamp,Bedroom,47966
Iron,Home Decor,59542
Dishwasher,Home Decor,92462
Air Purifier,Bedroom,52225
Curtains,Furniture,45994
Sofa,Storage,5108
Heater,Electronics,88840
Mixer,Electronics,47104
Dishwasher,Bathroom,91821
Chair,Outdoor,24484
Lamp,Bathroom,68382
Curtains,Laundry,34509
Lamp,Storage,86875
Microwave Oven,Living Room,89890
Grill,Electronics,30888
Grill,Electronics,31721
Heater,Kitchen Appliances,31797
Grill,Electronics,68304
Air Purifier,Electronics,33460
Heater,Laundry,22845
Table,Bathroom,40346
Coffee Maker,Laundry,20618
Microwave Oven,Living Room,22734
Blender,Outdoor,6481
Curtains,Furniture,20681
Microwave Oven,Furniture,47508
Vacuum Cleaner,Bathroom,14507
Air Purifier,Bedroom,41427
Grill,Home Decor,84783
Water Dispenser,Home Decor,73790
Electric Kettle,Outdoor,82589
Chair,Storage,32621
Iron,Kitchen Appliances,60928
Sofa,Home Decor,31785
Microwave Oven,Laundry,32576
Sofa,Bathroom,86282
Lamp,Bedroom,68649
Sofa,Electronics,27489
Iron,Home Decor,90816
Table,Furniture,25200
Fan,Laundry,67113
Rice Cooker,Bathroom,18618
Toaster,Home Decor,52662
Rice Cooker,Home Decor,59047
Washing Machine,Outdoor,76006
Blender,Living Room,39714
Lamp,Electronics,25753
Toaster,Bathroom,22804
Chair,Living Room,89002
Stove,Home Decor,26733
Water Dispenser,Bedroom,8540
Air Purifier,Storage,73630
Carpet,Storage,91375
Curtains,Home Decor,42833
Heater,Bedroom,26325
Chair,Living Room,67069
Table,Electronics,40318
Table,Furniture,51836
Dishwasher,Electronics,87927
Microwave Oven,Storage,6997
Water Dispenser,Electronics,77515
Toaster,Bathroom,19691
Washing Machine,Kitchen Appliances,9631
Blender,Furniture,72626
Microwave Oven,Home Decor,92202
Vacuum Cleaner,Laundry,21095
Table,Bedroom,5927
Grill,Laundry,73735
Stove,Kitchen Appliances,22404
Hair Dryer,Living Room,47367
Coffee Maker,Outdoor,84518
Table,Storage,13951
Air Purifier,Kitchen Appliances,48796
Chair,Bedroom,20688
Coffee Maker,Kitchen Appliances,28330
Grill,Furniture,24781
Dishwasher,Laundry,88954
Heater,Laundry,16202
Rice Cooker,Bedroom,21320
Water Dispenser,Home Decor,15490
Curtains,Living Room,17623
Heater,Living Room,94664
Vacuum Cleaner,Bathroom,33226
Chair,Bathroom,36602
Curtains,Living Room,83971
Electric Kettle,Laundry,80628
Mixer,Home Decor,86118
Vacuum Cleaner,Bedroom,59758
Sofa,Bathroom,29988
Iron,Storage,99041
Coffee Maker,Bedroom,8338
Iron,Laundry,50291
Dishwasher,Bedroom,37207
Hair Dryer,Kitchen Appliances,13212
Table,Bedroom,24875
Iron,Bedroom,50759
Sofa,Laundry,97304
Sofa,Storage,31114
Toaster,Outdoor,75984
Table,Furniture,98769
Stove,Living Room,83662
Refrigerator,Living Room,68781
Blender,Living Room,38180
Carpet,Bedroom,40566
Sofa,Storage,19653
Rice Cooker,Furniture,73720
Fan,Outdoor,90202
Vacuum Cleaner,Furniture,41816
Rice Cooker,Furniture,20617
Mixer,Furniture,24494
Dishwasher,Bedroom,58946
Chair,Bedroom,54470
Curtains,Bathroom,12187
Table,Outdoor,90019
Table,Home Decor,80237
Coffee Maker,Kitchen Appliances,9675
Iron,Bathroom,30155
Air Purifier,Furniture,76802
Carpet,Furniture,78989
Heater,Bathroom,29627
Mixer,Home Decor,34288
Washing Machine,Bedroom,86059
Lamp,Kitchen Appliances,63375
Water Dispenser,Home Decor,99592
Microwave Oven,Furniture,68247
Heater,Storage,64399
Table,Laundry,25684
Heater,Furniture,81007
Carpet,Outdoor,29117
Hair Dryer,Home Decor,23923
Lamp,Furniture,41177
Hair Dryer,Outdoor,88617
Carpet,Furniture,91838
Curtains,Kitchen Appliances,94241
Vacuum Cleaner,Living Room,53287
Fan,Home Decor,12607
Toaster,Electronics,88524
Water Dispenser,Bedroom,99910
Microwave Oven,Laundry,56930
Stove,Storage,88514
Vacuum Cleaner,Home Decor,45198
Sofa,Outdoor,56587
Coffee Maker,Kitchen Appliances,65320
Chair,Bedroom,90251
Stove,Electronics,37079
Washing Machine,Kitchen Appliances,45719
Chair,Furniture,92475
Rice Cooker,Home Decor,33828
Carpet,Bathroom,23851
Coffee Maker,Living Room,40561
Lamp,Electronics,46104
Coffee Maker,Laundry,31083
Carpet,Storage,80058
Microwave Oven,Laundry,32624
Stove,Laundry,40441
Sofa,Furniture,28975
Water Dispenser,Outdoor,13958
Rice Cooker,Laundry,85353
Carpet,Electronics,55731
Water Dispenser,Electronics,65613
Air Purifier,Home Decor,73948
Carpet,Kitchen Appliances,92205
Stove,Laundry,65888
Dishwasher,Furniture,36089
Refrigerator,Furniture,79839
Refrigerator,Laundry,91770
Dishwasher,Bedroom,51968
Lamp,Bathroom,46750
Refrigerator,Kitchen Appliances,24868
Coffee Maker,Laundry,47482
Electric Kettle,Electronics,69950
Coffee Maker,Furniture,62889
Vacuum Cleaner,Bedroom,96902
Lamp,Bedroom,43943
Electric Kettle,Living Room,8892
Sofa,Living Room,21755
Sofa,Electronics,36408
Iron,Electronics,19491
Washing Machine,Storage,11183
Curtains,Storage,40124
Toaster,Kitchen Appliances,34477
Curtains,Kitchen Appliances,99832
Toaster,Home Decor,98161
Lamp,Storage,25938
Chair,Bathroom,83630
Fan,Kitchen Appliances,24222
Dishwasher,Living Room,80476
Air Purifier,Bedroom,51714
Microwave Oven,Living Room,31300
Curtains,Bathroom,41500
Microwave Oven,Home Decor,23938
Table,Electronics,59649
Sofa,Living Room,16491
Hair Dryer,Living Room,72734
Curtains,Outdoor,56681
Washing Machine,Home Decor,33159
Refrigerator,Living Room,21287
Electric Kettle,Laundry,19260
Fan,Home Decor,7006
Water Dispenser,Furniture,47262
Coffee Maker,Outdoor,82689
Water Dispenser,Home Decor,24170
Iron,Storage,43280
Hair Dryer,Bathroom,34150
Coffee Maker,Bathroom,62614
Microwave Oven,Furniture,76391
Toaster,Electronics,85894
Microwave Oven,Electronics,5538
Carpet,Bedroom,23845
Vacuum Cleaner,Kitchen Appliances,53708
Mixer,Outdoor,24839
Refrigerator,Storage,79764
Stove,Electronics,21458
Stove,Bathroom,53772
Blender,Bedroom,28936
Heater,Outdoor,38726
Sofa,Electronics,48082
Air Purifier,Electronics,12312
Air Purifier,Electronics,63313
Vacuum Cleaner,Laundry,61615
Dishwasher,Laundry,42364
Sofa,Outdoor,25445
Heater,Bedroom,72955
Sofa,Storage,64699
Vacuum Cleaner,Bedroom,24611
Hair Dryer,Kitchen Appliances,23662
Sofa,Living Room,74365
Microwave Oven,Outdoor,44033
Table,Electronics,23980
Rice Cooker,Laundry,45880
Mixer,Electronics,46795
Water Dispenser,Home Decor,46140
Chair,Laundry,36200
Air Purifier,Electronics,59863
Refrigerator,Furniture,48976
Toaster,Outdoor,82190
Lamp,Bathroom,25542
Carpet,Bedroom,87566
Curtains,Kitchen Appliances,63047
Chair,Laundry,57687
Toaster,Outdoor,41729
Curtains,Living Room,13761
Microwave Oven,Electronics,79300
Air Purifier,Kitchen Appliances,97676
Stove,Electronics,44199
Blender,Laundry,48529
Grill,Kitchen Appliances,79453
Washing Machine,Outdoor,42237
Electric Kettle,Electronics,10545
Curtains,Living Room,68575
Mixer,Bedroom,96092
Grill,Outdoor,60278
Water Dispenser,Furniture,63571
Iron,Laundry,42747
Dishwasher,Storage,85194
Blender,Living Room,85710
Curtains,Home Decor,5477
Chair,Home Decor,83673
Mixer,Laundry,79857
Table,Kitchen Appliances,60539
Rice Cooker,Laundry,39558
Coffee Maker,Storage,11906
Electric Kettle,Bedroom,50525
Vacuum Cleaner,Bedroom,8044
Mixer,Bedroom,62073
Refrigerator,Laundry,62727
Grill,Storage,26863
Water Dispenser,Living Room,40354
Grill,Electronics,64990
Table,Living Room,83562
Stove,Outdoor,88366
Stove,Bathroom,6074
Microwave Oven,Living Room,42148
Grill,Electronics,88465
Grill,Living Room,65509
Lamp,Bathroom,18805
Sofa,Living Room,17996
Grill,Kitchen Appliances,16247
Chair,Outdoor,56041
Coffee Maker,Living Room,77811
Electric Kettle,Kitchen Appliances,23458
Heater,Outdoor,37407
Washing Machine,Bathroom,14721
Microwave Oven,Laundry,42909
Microwave Oven,Bathroom,34644
Vacuum Cleaner,Home Decor,19667
Lamp,Bathroom,80086
Water Dispenser,Outdoor,17218
Air Purifier,Outdoor,10028
Dishwasher,Laundry,8764
Hair Dryer,Home Decor,21146
Carpet,Outdoor,86895
Coffee Maker,Furniture,40509
Refrigerator,Outdoor,62601
Microwave Oven,Home Decor,80260
Curtains,Living Room,14586
Grill,Outdoor,64488
Mixer,Living Room,46592
Vacuum Cleaner,Living Room,52831
Blender,Living Room,18033
Lamp,Bedroom,72396
Grill,Home Decor,83632
Stove,Bedroom,54735
Fan,Laundry,29271
Air Purifier,Furniture,43079
Rice Cooker,Furniture,80642
Lamp,Outdoor,76431
Curtains,Outdoor,11316
Dishwasher,Bedroom,66203
Curtains,Outdoor,94803
Table,Furniture,52730
Hair Dryer,Outdoor,28371
Stove,Electronics,13524
Mixer,Bathroom,81824
Vacuum Cleaner,Living Room,6650
Mixer,Bedroom,91181
Table,Furniture,61543
Carpet,Kitchen Appliances,32667
Curtains,Kitchen Appliances,48825
Chair,Outdoor,20754
Mixer,Outdoor,70790
Washing Machine,Living Room,34417
Sofa,Laundry,66084
Microwave Oven,Bedroom,73774
Vacuum Cleaner,Electronics,11175
Washing Machine,Electronics,63635
Water Dispenser,Bathroom,78379
Dishwasher,Bathroom,84398
Table,Bathroom,94517
Washing Machine,Home Decor,57316
Table,Home Decor,12882
Electric Kettle,Home Decor,20315
Blender,Kitchen Appliances,75238
Coffee Maker,Laundry,5084
Fan,Bathroom,82937
Air Purifier,Outdoor,97621
Dishwasher,Laundry,57531
Vacuum Cleaner,Furniture,30052
Stove,Bedroom,37188
Mixer,Home Decor,14780
Dishwasher,Bedroom,18332
Mixer,Living Room,78530
Blender,Bedroom,38932
Coffee Maker,Home Decor,73268
Electric Kettle,Furniture,18994
Carpet,Electronics,76616
Hair Dryer,Living Room,51333
Rice Cooker,Kitchen Appliances,59141
Electric Kettle,Electronics,99920
Electric Kettle,Living Room,98142
Toaster,Bedroom,35802
Water Dispenser,Storage,63805
Table,Kitchen Appliances,70817
Table,Bathroom,19371
Stove,Living Room,82162
Carpet,Electronics,11599
Dishwasher,Kitchen Appliances,87605
