NamaWilayah,Negara
Medan,Indonesia
North-East Region,Singapura
Denpasar,Indonesia
Central Region,Singapura
North Region,Singapura
West Region,Singapura
Jakarta,Indonesia
Central Region,Singapura
West Region,Singapura
Medan,Indonesia
West Region,Singapura
Denpasar,Indonesia
Kuching,Malaysia
Semarang,Indonesia
Balikpapan,Indonesia
Jakarta,Indonesia
Kuala Lumpur,Malaysia
Kuala Lumpur,Malaysia
George Town,Malaysia
West Region,Singapura
West Region,Singapura
Shah Alam,Malaysia
North Region,Singapura
Johor Bahru,Malaysia
East Region,Singapura
Ipoh,Malaysia
Balikpapan,Indonesia
Melaka,Malaysia
Johor Bahru,Malaysia
Ipoh,Malaysia
North-East Region,Singapura
Denpasar,Indonesia
East Region,Singapura
Kuching,Malaysia
Kuching,Malaysia
Semarang,Indonesia
East Region,Singapura
West Region,Singapura
Alor Setar,Malaysia
George Town,Malaysia
Central Region,Singapura
Balikpapan,Indonesia
George Town,Malaysia
Central Region,Singapura
North-East Region,Singapura
Kuala Lumpur,Malaysia
Denpasar,Indonesia
Semarang,Indonesia
Medan,Indonesia
Central Region,Singapura
Kuantan,Malaysia
Medan,Indonesia
Alor Setar,Malaysia
West Region,Singapura
North Region,Singapura
Kota Kinabalu,Malaysia
West Region,Singapura
Ipoh,Malaysia
Makassar,Indonesia
Medan,Indonesia
Balikpapan,Indonesia
Kota Kinabalu,Malaysia
Alor Setar,Malaysia
Kuantan,Malaysia
Kuching,Malaysia
Jakarta,Indonesia
Bandung,Indonesia
Central Region,Singapura
Shah Alam,Malaysia
Semarang,Indonesia
Bandung,Indonesia
Denpasar,Indonesia
Ipoh,Malaysia
East Region,Singapura
North-East Region,Singapura
Yogyakarta,Indonesia
Jakarta,Indonesia
Kuala Lumpur,Malaysia
North Region,Singapura
Yogyakarta,Indonesia
Yogyakarta,Indonesia
North-East Region,Singapura
George Town,Malaysia
Ipoh,Malaysia
East Region,Singapura
Jakarta,Indonesia
North-East Region,Singapura
Kota Kinabalu,Malaysia
North Region,Singapura
Denpasar,Indonesia
North-East Region,Singapura
North-East Region,Singapura
Makassar,Indonesia
North-East Region,Singapura
Palembang,Indonesia
Kuantan,Malaysia
Surabaya,Indonesia
Yogyakarta,Indonesia
Semarang,Indonesia
North-East Region,Singapura
